{
  "last_crypto": 1775949308.632921,
  "last_sports": 1775947740.6396425,
  "last_sync": 1775949187.0958085,
  "cycles": 991,
  "errors": 112
}