{
  "last_crypto": 1775738678.1898663,
  "last_sports": 1775738772.334062,
  "last_sync": 1775738832.606094,
  "cycles": 31,
  "errors": 4
}