{
  "last_crypto": 1775742307.2812092,
  "last_sports": 1775740582.4153044,
  "last_sync": 1775741641.4297972,
  "cycles": 45,
  "errors": 4
}