{
  "last_crypto": 1776053900.3679302,
  "last_sports": 1776052572.7484977,
  "last_sync": 1776054082.790159,
  "cycles": 1512,
  "errors": 469
}