{
  "last_crypto": 1776054505.9121435,
  "last_sports": 1776054445.417011,
  "last_sync": 1776054082.6218405,
  "cycles": 1515,
  "errors": 471
}