{
  "last_crypto": 1775743969.4364126,
  "last_sports": 1775742398.146036,
  "last_sync": 1775743517.294505,
  "cycles": 53,
  "errors": 4
}