{
  "last_crypto": 1775737023.1817727,
  "last_sports": 1775736961.3188183,
  "last_sync": 1775736961.3188183,
  "cycles": 23,
  "errors": 4
}