{
  "last_crypto": 1776060627.767649,
  "last_sports": 1776059958.9570787,
  "last_sync": 1776060506.3625972,
  "cycles": 1545,
  "errors": 478
}