{
  "last_crypto": 1776053900.3679302,
  "last_sports": 1776052572.7484977,
  "last_sync": 1776053178.2628024,
  "cycles": 1511,
  "errors": 469
}