{
  "last_crypto": 1776054203.0550148,
  "last_sports": 1776052572.7484977,
  "last_sync": 1776054082.790159,
  "cycles": 1513,
  "errors": 470
}