{
  "last_crypto": 1776052997.2601607,
  "last_sports": 1776052572.7484977,
  "last_sync": 1776052270.7900102,
  "cycles": 1507,
  "errors": 466
}