{
  "last_crypto": 1776053298.3206584,
  "last_sports": 1776052572.7484977,
  "last_sync": 1776053178.2628024,
  "cycles": 1509,
  "errors": 467
}