{
  "last_crypto": 1776055109.9485054,
  "last_sports": 1776054445.417011,
  "last_sync": 1776054989.8136606,
  "cycles": 1518,
  "errors": 473
}