{
  "last_crypto": 1775738344.2181404,
  "last_sports": 1775736961.3188183,
  "last_sync": 1775737888.8164635,
  "cycles": 28,
  "errors": 4
}