{
  "last_crypto": 1776053599.1858692,
  "last_sports": 1776052632.8736389,
  "last_sync": 1776053178.2428226,
  "cycles": 1510,
  "errors": 467
}