{
  "last_crypto": 1775737347.5072649,
  "last_sports": 1775736961.3188183,
  "last_sync": 1775736961.3188183,
  "cycles": 24,
  "errors": 4
}