{
  "last_crypto": 1776051785.701238,
  "last_sports": 1776050757.8130023,
  "last_sync": 1776051362.9348981,
  "cycles": 1501,
  "errors": 461
}