{
  "last_crypto": 1775738010.4936454,
  "last_sports": 1775736961.3188183,
  "last_sync": 1775737888.8164635,
  "cycles": 27,
  "errors": 4
}