{
  "last_crypto": 1775778915.7931416,
  "last_sports": 1775777144.56987,
  "last_sync": 1775778085.573114,
  "cycles": 204,
  "errors": 4
}